{"cameraMode":{"drawMode":0,"name":"Shaded","section":"Shading Mode"},"sceneLighting":false,"audioPlay":false,"sceneViewState":{"showFog":true,"showMaterialUpdate":false,"showSkybox":true,"showFlares":true,"showImageEffects":true,"showParticleSystems":true},"in2DMode":false,"pivot":{"x":1.1920928955078126e-7,"y":0.5385574102401733,"z":0.0005936026573181152},"rotation":{"x":-0.055501993745565417,"y":0.917038083076477,"z":-0.1374804526567459,"w":-0.37021592259407046},"size":3.6345651149749758,"orthographic":false}